﻿{"cameraMode":{"drawMode":0,"name":"Shaded","section":"Shading Mode"},"sceneLighting":false,"audioPlay":false,"sceneViewState":{"showFog":true,"showMaterialUpdate":true,"showSkybox":false,"showFlares":true,"showImageEffects":true,"showParticleSystems":true},"in2DMode":false,"pivot":{"x":3.8299999237060549,"y":0.3499999940395355,"z":3.890000104904175},"rotation":{"x":0.1599692702293396,"y":0.6712563633918762,"z":-0.15173649787902833,"w":0.7076728940010071},"size":2.000518798828125,"orthographic":false}